,place,region
0,Andrespol,łódzkie
1,Łódź,łódzkie
2,Łódź,łódzkie
3,Łódź,łódzkie
4,Łódź,łódzkie
5,Łódź,łódzkie
6,Łódź,łódzkie
7,Łódź,łódzkie
8,Łódź,łódzkie
9,Łódź,łódzkie
10,Łódź,łódzkie
11,Łódź,łódzkie
12,Łódź,łódzkie
13,Łódź,łódzkie
14,Łódź,łódzkie
15,Łódź,łódzkie
16,Łódź,łódzkie
17,Łódź,łódzkie
18,Łódź,łódzkie
19,Łódź,łódzkie
20,Łódź,łódzkie
21,Łódź,łódzkie
22,Koluszki,łódzkie
23,Łódź,łódzkie
24,Łódź,łódzkie
25,Andrespol,łódzkie
26,Łódź,łódzkie
27,Łódź,łódzkie
28,Łódź,łódzkie
29,Łódź,łódzkie
30,Łódź,łódzkie
31,Łódź,łódzkie
32,Łódź,łódzkie
33,Łódź,łódzkie
34,Łódź,łódzkie
35,Łódź,łódzkie
36,Łódź,łódzkie
37,Łódź,łódzkie
38,Łódź,łódzkie
39,Łódź,łódzkie
40,Łódź,łódzkie
41,Łódź,łódzkie
42,Łódź,łódzkie
43,Łódź,łódzkie
44,Łódź,łódzkie
45,Łódź,łódzkie
46,Łódź,łódzkie
47,Koluszki,łódzkie
48,Łódź,łódzkie
49,Łódź,łódzkie
50,Łódź,łódzkie
51,Łódź,łódzkie
52,Łódź,łódzkie
53,Łódź,łódzkie
54,Łódź,łódzkie
55,Łódź,łódzkie
56,Łódź,łódzkie
57,Łódź,łódzkie
58,Łódź,łódzkie
59,Łódź,łódzkie
60,Łódź,łódzkie
61,Łódź,łódzkie
62,Łódź,łódzkie
63,Łódź,łódzkie
64,Łódź,łódzkie
65,Łódź,łódzkie
66,Łódź,łódzkie
67,Łódź,łódzkie
68,Łódź,łódzkie
69,Łódź,łódzkie
70,Łódź,łódzkie
71,Łódź,łódzkie
72,Łódź,łódzkie
73,Łódź,łódzkie
74,Łódź,łódzkie
75,Łódź,łódzkie
76,Łódź,łódzkie
77,Łódź,łódzkie
78,Łódź,łódzkie
79,Łódź,łódzkie
80,Łódź,łódzkie
81,Łódź,łódzkie
82,Łódź,łódzkie
83,Łódź,łódzkie
84,Łódź,łódzkie
85,Łódź,łódzkie
86,Łódź,łódzkie
87,Łódź,łódzkie
88,Łódź,łódzkie
89,Łódź,łódzkie
90,Łódź,łódzkie
91,Łódź,łódzkie
92,Łódź,łódzkie
93,Łódź,łódzkie
94,Łódź,łódzkie
95,Łódź,łódzkie
96,Łódź,łódzkie
97,Łódź,łódzkie
98,Łódź,łódzkie
99,Łódź,łódzkie
100,Łódź,łódzkie
101,Łódź,łódzkie
102,Łódź,łódzkie
103,Łódź,łódzkie
104,Łódź,łódzkie
105,Łódź,łódzkie
106,Łódź,łódzkie
107,Łódź,łódzkie
108,Łódź,łódzkie
109,Łódź,łódzkie
110,Łódź,łódzkie
111,Łódź,łódzkie
112,Łódź,łódzkie
113,Łódź,łódzkie
114,Łódź,łódzkie
115,Łódź,łódzkie
116,Łódź,łódzkie
117,Łódź,łódzkie
118,Łódź,łódzkie
119,Ksawerów,łódzkie
120,Łódź,łódzkie
121,Łódź,łódzkie
122,Łódź,łódzkie
123,Łódź,łódzkie
124,Łódź,łódzkie
125,Łódź,łódzkie
126,Łódź,łódzkie
127,Łódź,łódzkie
128,Łódź,łódzkie
129,Łódź,łódzkie
130,Pabianice,łódzkie
131,Pabianice,łódzkie
132,Pabianice,łódzkie
133,Zgierz,łódzkie
134,Łódź,łódzkie
135,Pabianice,łódzkie
136,Zgierz,łódzkie
137,Pabianice,łódzkie
138,Pabianice,łódzkie
139,Pabianice,łódzkie
140,Pabianice,łódzkie
141,Zgierz,łódzkie
142,Zgierz,łódzkie
143,Zgierz,łódzkie
144,Piotrków Trybunalski,łódzkie
145,Piotrków Trybunalski,łódzkie
146,Piotrków Trybunalski,łódzkie
147,Piotrków Trybunalski,łódzkie
148,Piotrków Trybunalski,łódzkie
149,Piotrków Trybunalski,łódzkie
150,Skierniewice,łódzkie
151,Skierniewice,łódzkie
152,Skierniewice,łódzkie
153,Bełchatów,łódzkie
154,Mokra Prawa,łódzkie
155,Bełchatów,łódzkie
156,Bełchatów,łódzkie
157,Bełchatów,łódzkie
158,Bełchatów,łódzkie
159,Bełchatów,łódzkie
160,Bełchatów,łódzkie
161,Bełchatów,łódzkie
162,Bełchatów,łódzkie
163,Łowicz,łódzkie
164,Łowicz,łódzkie
165,Łęczyca,łódzkie
166,Zduńska Wola,łódzkie
167,Zduńska Wola,łódzkie
168,Kutno,łódzkie
169,Kutno,łódzkie
170,Kutno,łódzkie
171,Kutno,łódzkie
172,Sieradz,łódzkie
173,Sieradz,łódzkie
174,Sieradz,łódzkie
175,Sieradz,łódzkie
176,Sieradz,łódzkie
177,Żyrardów,mazowieckie
178,Sieradz,łódzkie
179,Sieradz,łódzkie
180,Żyrardów,mazowieckie
181,Żyrardów,mazowieckie
182,Radomsko,łódzkie
183,Radomsko,łódzkie
184,Radomsko,łódzkie
185,Radomsko,łódzkie
186,Radomsko,łódzkie
187,Radomsko,łódzkie
188,Radomsko,łódzkie
189,Radomsko,łódzkie
190,Kłodawa,wielkopolskie
191,Przysucha,mazowieckie
192,Milanówek,mazowieckie
193,Turek,wielkopolskie
194,Milanówek,mazowieckie
195,Błonie,mazowieckie
196,Błonie,mazowieckie
197,Grójec,mazowieckie
198,Koło,wielkopolskie
199,Koło,wielkopolskie
200,Płock,mazowieckie
201,Płock,mazowieckie
202,Płock,mazowieckie
203,Płock,mazowieckie
204,Płock,mazowieckie
205,Płock,mazowieckie
206,Płock,mazowieckie
207,Płock,mazowieckie
208,Płock,mazowieckie
209,Płock,mazowieckie
210,Płock,mazowieckie
211,Pruszków,mazowieckie
212,Pruszków,mazowieckie
213,Wieluń,łódzkie
214,Wieluń,łódzkie
215,Wieluń,łódzkie
216,Andrychów,małopolskie
217,Bulowice,małopolskie
218,Kęty,małopolskie
219,Wadowice,małopolskie
220,Wadowice,małopolskie
221,Kozy,śląskie
222,Zator,małopolskie
223,Bielsko-Biała,śląskie
224,Brzeszcze,małopolskie
225,Łodygowice,śląskie
226,Łodygowice,śląskie
227,Oświęcim,małopolskie
228,Żywiec,śląskie
229,Wilkowice,śląskie
230,Bielsko-Biała,śląskie
231,Bielsko-Biała,śląskie
232,Żywiec,śląskie
233,Bielsko-Biała,śląskie
234,Sucha Beskidzka,małopolskie
235,Bielsko-Biała,śląskie
236,Bielsko-Biała,śląskie
237,Oświęcim,małopolskie
238,Żywiec,śląskie
239,Bielsko-Biała,śląskie
240,Żywiec,śląskie
241,Żywiec,śląskie
242,Oświęcim,małopolskie
243,Oświęcim,małopolskie
244,Bielsko-Biała,śląskie
245,Bielsko-Biała,śląskie
246,Bielsko-Biała,śląskie
247,Żywiec,śląskie
248,Bielsko-Biała,śląskie
249,Bielsko-Biała,śląskie
250,Buczkowice,śląskie
251,Czechowice-Dziedzice,śląskie
252,Czechowice-Dziedzice,śląskie
253,Bielsko-Biała,śląskie
254,Czechowice-Dziedzice,śląskie
255,Czechowice-Dziedzice,śląskie
256,Czechowice-Dziedzice,śląskie
257,Czechowice-Dziedzice,śląskie
258,Libiąż,małopolskie
259,Libiąż,małopolskie
260,Libiąż,małopolskie
261,Chełmek,małopolskie
262,Chełmek,małopolskie
263,Bieruń,śląskie
264,Szczyrk,śląskie
265,Pszczyna,śląskie
266,Chrzanów,dolnośląskie
267,Jasienica,śląskie
268,Chrzanów,dolnośląskie
269,Pszczyna,śląskie
270,Pszczyna,śląskie
271,Pszczyna,śląskie
272,Węgierska Górka,śląskie
273,Trzebinia,małopolskie
274,Grodziec,wielkopolskie
275,Trzebinia,małopolskie
276,Brenna,śląskie
277,Krzeszowice,małopolskie
278,Cisiec,śląskie
279,Skawina,małopolskie
280,Górki Małe,śląskie
281,Krzeszowice,małopolskie
282,Górki Wielkie,śląskie
283,Tychy,śląskie
284,Tychy,śląskie
285,Jaworzno,śląskie
286,Jaworzno,śląskie
287,Jaworzno,śląskie
288,Tychy,śląskie
289,Tychy,śląskie
290,Tychy,śląskie
291,Tychy,śląskie
292,Tychy,śląskie
293,Tychy,śląskie
294,Jaworzno,śląskie
295,Tychy,śląskie
296,Tychy,śląskie
297,Tychy,śląskie
298,Tychy,śląskie
299,Skoczów,śląskie
300,Ustroń,śląskie
301,Mysłowice,śląskie
302,Mysłowice,śląskie
303,Tychy,śląskie
304,Goleszów,śląskie
305,Mysłowice,śląskie
306,Skoczów,śląskie
307,Ustroń,śląskie
308,Jaworzno,śląskie
309,Ustroń,śląskie
310,Mysłowice,śląskie
311,Tychy,śląskie
312,Mysłowice,śląskie
313,Mysłowice,śląskie
314,Kraków,małopolskie
315,Wisła,śląskie
316,Jaworzno,śląskie
317,Rajcza,śląskie
318,Kraków,małopolskie
319,Kraków,małopolskie
320,Strumień,śląskie
321,Katowice,śląskie
322,Katowice,śląskie
323,Katowice,śląskie
324,Kraków,małopolskie
325,Mysłowice,śląskie
326,Katowice,śląskie
327,Naprawa,małopolskie
328,Katowice,śląskie
329,Kraków,małopolskie
330,Mysłowice,śląskie
331,Kraków,małopolskie
332,Katowice,śląskie
333,Mysłowice,śląskie
334,Mysłowice,śląskie
335,Mysłowice,śląskie
336,Kraków,małopolskie
337,Kraków,małopolskie
338,Kraków,małopolskie
339,Katowice,śląskie
340,Kraków,małopolskie
341,Kraków,małopolskie
342,Katowice,śląskie
343,Kraków,małopolskie
344,Kraków,małopolskie
345,Katowice,śląskie
346,Kraków,małopolskie
347,Kraków,małopolskie
348,Katowice,śląskie
349,Katowice,śląskie
350,Kraków,małopolskie
351,Kraków,małopolskie
352,Kraków,małopolskie
353,Pawłowice,śląskie
354,Kraków,małopolskie
355,Mikołów,śląskie
356,Katowice,śląskie
357,Katowice,śląskie
358,Kraków,małopolskie
359,Kraków,małopolskie
360,Kraków,małopolskie
361,Katowice,śląskie
362,Kraków,małopolskie
363,Kraków,małopolskie
364,Olkusz,małopolskie
365,Katowice,śląskie
366,Mikołów,śląskie
367,Kraków,małopolskie
368,Sosnowiec,śląskie
369,Sosnowiec,śląskie
370,Kraków,małopolskie
371,Sosnowiec,śląskie
372,Pawłowice Śląskie,śląskie
373,Kraków,małopolskie
374,Kraków,małopolskie
375,Kraków,małopolskie
376,Kraków,małopolskie
377,Kraków,małopolskie
378,Pawłowice,śląskie
379,Olkusz,małopolskie
380,Katowice,śląskie
381,Sosnowiec,śląskie
382,Kraków,małopolskie
383,Kraków,małopolskie
384,Sławków,śląskie
385,Kraków,małopolskie
386,Kraków,małopolskie
387,Łaziska Górne,śląskie
388,Kraków,małopolskie
389,Katowice,śląskie
390,Kraków,małopolskie
391,Sławków,śląskie
392,Kraków,małopolskie
393,Kraków,małopolskie
394,Katowice,śląskie
395,Katowice,śląskie
396,Olkusz,małopolskie
397,Sosnowiec,śląskie
398,Sosnowiec,śląskie
399,Kraków,małopolskie
400,Katowice,śląskie
401,Katowice,śląskie
402,Katowice,śląskie
403,Katowice,śląskie
404,Sosnowiec,śląskie
405,Kraków,małopolskie
406,Sosnowiec,śląskie
407,Katowice,śląskie
408,Katowice,śląskie
409,Augustów,podlaskie
410,Ełk,warmińsko-mazurskie
411,Ełk,warmińsko-mazurskie
412,Ełk,warmińsko-mazurskie
413,Gołdap,warmińsko-mazurskie
414,Białystok,podlaskie
415,Białystok,podlaskie
416,Białystok,podlaskie
417,Białystok,podlaskie
418,Białystok,podlaskie
419,Białystok,podlaskie
420,Białystok,podlaskie
421,Białystok,podlaskie
422,Białystok,podlaskie
423,Białystok,podlaskie
424,Białystok,podlaskie
425,Pisz,warmińsko-mazurskie
426,Białystok,podlaskie
427,Giżycko,warmińsko-mazurskie
428,Kleosin,podlaskie
429,Mikołajki,warmińsko-mazurskie
430,Łomża,podlaskie
431,Ostrołęka ,mazowieckie
432,Szczytno,warmińsko-mazurskie
433,Szczytno,warmińsko-mazurskie
434,Olsztyn,warmińsko-mazurskie
435,Olsztyn,warmińsko-mazurskie
436,Olsztyn,warmińsko-mazurskie
437,Olsztyn,warmińsko-mazurskie
438,Olsztyn,warmińsko-mazurskie
439,Olsztyn,warmińsko-mazurskie
440,Olsztyn,warmińsko-mazurskie
441,Olsztyn,warmińsko-mazurskie
442,Olsztyn,warmińsko-mazurskie
443,Olsztyn,warmińsko-mazurskie
444,Przasnysz,mazowieckie
445,Olsztyn,warmińsko-mazurskie
446,Przasnysz,mazowieckie
447,Olsztyn,warmińsko-mazurskie
448,Nidzica,warmińsko-mazurskie
449,Nidzica,warmińsko-mazurskie
450,Pułtusk,mazowieckie
451,Olsztynek,warmińsko-mazurskie
452,Mława,mazowieckie
453,Ciechanów,mazowieckie
454,Ciechanów,mazowieckie
455,Mława,mazowieckie
456,Ciechanów,mazowieckie
457,Ciechanów,mazowieckie
458,Siedlce,mazowieckie
459,Siedlce,mazowieckie
460,Siedlce,mazowieckie
461,Siedlce,mazowieckie
462,Działdowo,warmińsko-mazurskie
463,Radzymin,mazowieckie
464,Ostróda,warmińsko-mazurskie
465,Ostróda,warmińsko-mazurskie
466,Morąg,warmińsko-mazurskie
467,Radzymin,mazowieckie
468,Wołomin,mazowieckie
469,Wołomin,mazowieckie
470,Kobyłka,mazowieckie
471,Mińsk Mazowiecki,mazowieckie
472,Mińsk Mazowiecki,mazowieckie
473,Marki,mazowieckie
474,Mińsk Mazowiecki,mazowieckie
475,Mińsk Mazowiecki,mazowieckie
476,Zielonka,mazowieckie
477,Hipolitów,mazowieckie
478,Legionowo,mazowieckie
479,Legionowo,mazowieckie
480,Zielonka,mazowieckie
481,Warszawa,mazowieckie
482,Ząbki,mazowieckie
483,Warszawa,mazowieckie
484,Warszawa,mazowieckie
485,Braniewo,warmińsko-mazurskie
486,Warszawa,mazowieckie
487,Warszawa,mazowieckie
488,Braniewo,warmińsko-mazurskie
489,Warszawa,mazowieckie
490,Braniewo,warmińsko-mazurskie
491,Warszawa,mazowieckie
492,Warszawa,mazowieckie
493,Warszawa,mazowieckie
494,Lubawa,warmińsko-mazurskie
495,Lubawa,warmińsko-mazurskie
496,Warszawa,mazowieckie
497,Warszawa,mazowieckie
498,Warszawa,mazowieckie
499,Warszawa,mazowieckie
500,Warszawa,mazowieckie
501,Warszawa,mazowieckie
502,Kiełpin,mazowieckie
503,Warszawa,mazowieckie
504,Warszawa,mazowieckie
505,Warszawa,mazowieckie
506,Warszawa,mazowieckie
507,Warszawa,mazowieckie
508,Nowy Dwór Mazowiecki,mazowieckie
509,Łomianki Dolne,mazowieckie
510,Warszawa,mazowieckie
511,Warszawa,mazowieckie
512,Warszawa,mazowieckie
513,Nowy Dwór Mazowiecki,mazowieckie
514,Warszawa,mazowieckie
515,Nowy Dwór Mazowiecki,mazowieckie
516,Warszawa,mazowieckie
517,Warszawa,mazowieckie
518,Pasłęk,warmińsko-mazurskie
519,Warszawa,mazowieckie
520,Warszawa,mazowieckie
521,Warszawa,mazowieckie
522,Warszawa,mazowieckie
523,Warszawa,mazowieckie
524,Warszawa,mazowieckie
525,Warszawa,mazowieckie
526,Warszawa,mazowieckie
527,Warszawa,mazowieckie
528,Warszawa,mazowieckie
529,Warszawa,mazowieckie
530,Płońsk,mazowieckie
531,Warszawa,mazowieckie
532,Warszawa,mazowieckie
533,Warszawa,mazowieckie
534,Płońsk,mazowieckie
535,Warszawa,mazowieckie
536,Warszawa,mazowieckie
537,Płońsk,mazowieckie
538,Warszawa,mazowieckie
539,Warszawa,mazowieckie
540,Warszawa,mazowieckie
541,Warszawa,mazowieckie
542,Warszawa,mazowieckie
543,Warszawa,mazowieckie
544,Warszawa,mazowieckie
545,Warszawa,mazowieckie
546,Warszawa,mazowieckie
547,Warszawa,mazowieckie
548,Warszawa,mazowieckie
549,Warszawa,mazowieckie
550,Warszawa,mazowieckie
551,Warszawa,mazowieckie
552,Warszawa,mazowieckie
553,Warszawa,mazowieckie
554,Warszawa,mazowieckie
555,Warszawa,mazowieckie
556,Warszawa,mazowieckie
557,Warszawa,mazowieckie
558,Warszawa,mazowieckie
559,Warszawa,mazowieckie
560,Warszawa,mazowieckie
561,Warszawa,mazowieckie
562,Warszawa,mazowieckie
563,Warszawa,mazowieckie
564,Warszawa,mazowieckie
565,Warszawa,mazowieckie
566,Warszawa,mazowieckie
567,Warszawa,mazowieckie
568,Warszawa,mazowieckie
569,Warszawa,mazowieckie
570,Warszawa,mazowieckie
571,Warszawa,mazowieckie
572,Warszawa,mazowieckie
573,Warszawa,mazowieckie
574,Warszawa,mazowieckie
575,Warszawa,mazowieckie
576,Warszawa,mazowieckie
577,Otwock,mazowieckie
578,Warszawa,mazowieckie
579,Warszawa,mazowieckie
580,Warszawa,mazowieckie
581,Warszawa,mazowieckie
582,Warszawa,mazowieckie
583,Warszawa,mazowieckie
584,Warszawa,mazowieckie
585,Warszawa,mazowieckie
586,Warszawa,mazowieckie
587,Warszawa,mazowieckie
588,Warszawa,mazowieckie
589,Warszawa,mazowieckie
590,Warszawa,mazowieckie
591,Warszawa,mazowieckie
592,Warszawa,mazowieckie
593,Warszawa,mazowieckie
594,Warszawa,mazowieckie
595,Iława,warmińsko-mazurskie
596,Warszawa,mazowieckie
597,Warszawa,mazowieckie
598,Warszawa,mazowieckie
599,Warszawa,mazowieckie
600,Warszawa,mazowieckie
601,Nowe Miasto Lubawskie,warmińsko-mazurskie
602,Ujazd,zachodniopomorskie
603,Kędzierzyn-Koźle,opolskie
604,Kędzierzyn-Koźle,opolskie
605,Kędzierzyn-Koźle,opolskie
606,Kędzierzyn Koźle,opolskie
607,Kędzierzyn-Koźle,opolskie
608,Kędzierzyn-Koźle,opolskie
609,Kędzierzyn-Koźle,opolskie
610,Strzelce Opolskie,opolskie
611,Strzelce Opolskie,opolskie
612,Toszek,śląskie
613,Kędzierzyn-Koźle,opolskie
614,Kędzierzyn-Koźle,opolskie
615,Kędzierzyn-Koźle,opolskie
616,Zdzieszowice,opolskie
617,Sośnicowice,śląskie
618,Pyskowice,śląskie
619,Gliwice,śląskie
620,Pyskowice,śląskie
621,Pyskowice,śląskie
622,Zbrosławice,śląskie
623,Pyskowice,śląskie
624,Gliwice,śląskie
625,Gliwice,śląskie
626,Gliwice,śląskie
627,Gliwice,śląskie
628,Pyskowice,śląskie
629,Gliwice,śląskie
630,Gliwice,śląskie
631,Gliwice,śląskie
632,Gliwice,śląskie
633,Rudy,śląskie
634,Gliwice,śląskie
635,Gliwice,śląskie
636,Gliwice,śląskie
637,Karchowice,śląskie
638,Gliwice,śląskie
639,Gliwice,śląskie
640,Gliwice,śląskie
641,Gliwice,śląskie
642,Pilchowice,śląskie
643,Gliwice,śląskie
644,Gliwice,śląskie
645,Żernica,śląskie
646,Gliwice,śląskie
647,Gliwice,śląskie
648,Gliwice,śląskie
649,Gliwice,śląskie
650,Gliwice,śląskie
651,Gliwice,śląskie
652,Gliwice,śląskie
653,Gliwice,śląskie
654,Gliwice,śląskie
655,Gliwice,śląskie
656,Gliwice,śląskie
657,Gliwice,śląskie
658,Gliwice,śląskie
659,Gliwice,śląskie
660,Gliwice,śląskie
661,Gliwice,śląskie
662,Gliwice,śląskie
663,Gliwice,śląskie
664,Gliwice,śląskie
665,Gliwice,śląskie
666,Gliwice,śląskie
667,Gliwice,śląskie
668,Wilcza,śląskie
669,Knurów,śląskie
670,Gliwice,śląskie
671,Rybnik,śląskie
672,Żywocice,opolskie
673,Knurów,śląskie
674,Knurów,śląskie
675,Knurów,śląskie
676,Knurów,śląskie
677,Knurów,śląskie
678,Gliwice,śląskie
679,Krapkowice,opolskie
680,Gliwice,śląskie
681,Krapkowice,opolskie
682,Zabrze,śląskie
683,Zabrze,śląskie
684,Zabrze,śląskie
685,Zabrze,śląskie
686,Zabrze,śląskie
687,Zabrze,śląskie
688,Zabrze,śląskie
689,Zabrze,śląskie
690,Zabrze,śląskie
691,Zabrze,śląskie
692,Zabrze,śląskie
693,Zabrze,śląskie
694,Zabrze,śląskie
695,Rybnik,śląskie
696,Zabrze,śląskie
697,Zabrze,śląskie
698,Zabrze,śląskie
699,Zabrze,śląskie
700,Zabrze,śląskie
701,Zabrze,śląskie
702,Rybnik,śląskie
703,Zabrze,śląskie
704,Zabrze,śląskie
705,Zabrze,śląskie
706,Zabrze,śląskie
707,Zabrze,śląskie
708,Zabrze,śląskie
709,Zabrze,śląskie
710,Zabrze,śląskie
711,Zabrze,śląskie
712,Zabrze,śląskie
713,Zabrze,śląskie
714,Racibórz,śląskie
715,Czerwionka-Leszczyny,śląskie
716,Racibórz,śląskie
717,Ozimek,opolskie
718,Czerwionka-Leszczyny,śląskie
719,Czerwionka-Leszczyny,śląskie
720,Racibórz,śląskie
721,Racibórz,śląskie
722,Racibórz,śląskie
723,Tarnowskie Góry,śląskie
724,Rybnik,śląskie
725,Racibórz,śląskie
726,Rybnik,śląskie
727,Rybnik,śląskie
728,Racibórz,śląskie
729,Głogówek,opolskie
730,Rybnik,śląskie
731,Zabrze,śląskie
732,Racibórz,śląskie
733,Rybnik,śląskie
734,Rybnik,śląskie
735,Rybnik,śląskie
736,Bytom,śląskie
737,Racibórz,śląskie
738,Rybnik,śląskie
739,Rybnik,śląskie
740,Tarnowskie Góry,śląskie
741,Rybnik,śląskie
742,Rybnik,śląskie
743,Rydułtowy,śląskie
744,Rybnik,śląskie
745,Rybnik,śląskie
746,Czerwionka-Leszczyny,śląskie
747,Czerwionka-Leszczyny,śląskie
748,Zabrze,śląskie
749,Bytom,śląskie
750,Racibórz,śląskie
751,Racibórz,śląskie
752,Rybnik,śląskie
753,Rybnik,śląskie
754,Opole,opolskie
755,Rydułtowy,śląskie
756,Ruda Śląska,śląskie
757,Tarnowskie Góry,śląskie
758,Nakło Śląskie,śląskie
759,Tarnowskie Góry,śląskie
760,Ruda Śląska,śląskie
761,Tarnowskie Góry,śląskie
762,Rybnik,śląskie
763,Bytom,śląskie
764,Tarnowskie Góry,śląskie
765,Stanowice,dolnośląskie
766,Ruda Śląska,śląskie
767,Bytom,śląskie
768,Rydułtowy,śląskie
769,Tarnowskie Góry,śląskie
770,Bytom,śląskie
771,Ruda Śląska,śląskie
772,Rybnik,śląskie
773,Rybnik,śląskie
774,Ruda Śląska,śląskie
775,Ruda Śląska,śląskie
776,Ruda Śląska,śląskie
777,Ruda Śląska,śląskie
778,Bytom,śląskie
779,Radlin,śląskie
780,Rybnik,śląskie
781,Bełk,śląskie
782,Lubliniec,śląskie
783,Ruda Śląska,śląskie
784,Ruda Śląska,śląskie
785,Radzionków,śląskie
786,Ruda Śląska,śląskie
787,Radzionków,śląskie
788,Bytom,śląskie
789,Radlin,śląskie
790,Radzionków,śląskie
791,Bytom,śląskie
792,Pszów,śląskie
793,Ruda Śląska,śląskie
794,Bytom,śląskie
795,Koszalin,zachodniopomorskie
796,Koszalin,zachodniopomorskie
797,Koszalin,zachodniopomorskie
798,Koszalin,zachodniopomorskie
799,Koszalin,zachodniopomorskie
800,Koszalin,zachodniopomorskie
801,Koszalin,zachodniopomorskie
802,Koszalin,zachodniopomorskie
803,Koszalin,zachodniopomorskie
804,Koszalin,zachodniopomorskie
805,Koszalin,zachodniopomorskie
806,Koszalin,zachodniopomorskie
807,Koszalin,zachodniopomorskie
808,Koszalin,zachodniopomorskie
809,Koszalin,zachodniopomorskie
810,Koszalin,zachodniopomorskie
811,Koszalin,zachodniopomorskie
812,Koszalin,zachodniopomorskie
813,Koszalin,zachodniopomorskie
814,Koszalin,zachodniopomorskie
815,Koszalin,zachodniopomorskie
816,Koszalin,zachodniopomorskie
817,Katowice,śląskie
818,Katowice,śląskie
819,Katowice,śląskie
820,Katowice,śląskie
821,Katowice,śląskie
822,Katowice,śląskie
823,Katowice,śląskie
824,Katowice,śląskie
825,Katowice,śląskie
826,Katowice,śląskie
827,Katowice,śląskie
828,Katowice,śląskie
829,Katowice,śląskie
830,Katowice,śląskie
831,Katowice,śląskie
832,Katowice,śląskie
833,Katowice,śląskie
834,Katowice,śląskie
835,Katowice,śląskie
836,Katowice,śląskie
837,Katowice,śląskie
838,Katowice,śląskie
839,Katowice,śląskie
840,Katowice,śląskie
841,Katowice,śląskie
842,Katowice,śląskie
843,Katowice,śląskie
844,Katowice,śląskie
845,Katowice,śląskie
846,Katowice,śląskie
847,Katowice,śląskie
848,Katowice,śląskie
849,Katowice,śląskie
850,Katowice,śląskie
851,Katowice,śląskie
852,Katowice,śląskie
853,Katowice,śląskie
854,Katowice,śląskie
855,Katowice,śląskie
856,Katowice,śląskie
857,Katowice,śląskie
858,Ruda Śląska,śląskie
859,Ruda Śląska,śląskie
860,Jastrzębie-Zdrój,śląskie
861,Jastrzębie-Zdrój,śląskie
862,Jastrzębie-Zdrój,śląskie
863,Jastrzębie-Zdrój,śląskie
864,Jastrzębie-Zdrój,śląskie
865,Oława,dolnośląskie
866,Oława,dolnośląskie
867,Oława,dolnośląskie
868,Oława,dolnośląskie
869,Oława,dolnośląskie
870,Oława,dolnośląskie
871,Barlinek,zachodniopomorskie
872,Barlinek,zachodniopomorskie
873,Elbląg,warmińsko-mazurskie
874,Elbląg,warmińsko-mazurskie
875,Elbląg,warmińsko-mazurskie
876,Elbląg,warmińsko-mazurskie
877,Elbląg,warmińsko-mazurskie
878,Elbląg,warmińsko-mazurskie
879,Elbląg,warmińsko-mazurskie
880,Elbląg,warmińsko-mazurskie
881,Elbląg,warmińsko-mazurskie
882,Elbląg,warmińsko-mazurskie
883,Elbląg,warmińsko-mazurskie
884,Elbląg,warmińsko-mazurskie
885,Kąty Wrocławskie,dolnośląskie
886,Smolec,dolnośląskie
887,Wrocław,dolnośląskie
888,Wrocław,dolnośląskie
889,Wrocław,dolnośląskie
890,Wrocław,dolnośląskie
891,Wrocław,dolnośląskie
892,Wrocław,dolnośląskie
893,Wysoka,wielkopolskie
894,Wrocław,dolnośląskie
895,Wrocław,dolnośląskie
896,Wrocław,dolnośląskie
897,Wrocław,dolnośląskie
898,Wrocław,dolnośląskie
899,Wrocław,dolnośląskie
900,Wrocław,dolnośląskie
901,Wrocław,dolnośląskie
902,Wrocław,dolnośląskie
903,Wrocław,dolnośląskie
904,Wrocław,dolnośląskie
905,Wrocław,dolnośląskie
906,Wrocław,dolnośląskie
907,Wrocław,dolnośląskie
908,Wrocław,dolnośląskie
909,Wrocław,dolnośląskie
910,Wrocław,dolnośląskie
911,Wrocław,dolnośląskie
912,Wrocław,dolnośląskie
913,Wrocław,dolnośląskie
914,Wrocław,dolnośląskie
915,Wrocław,dolnośląskie
916,Wrocław,dolnośląskie
917,Środa Śląska,dolnośląskie
918,Wrocław,dolnośląskie
919,Wrocław,dolnośląskie
920,Wrocław,dolnośląskie
921,Wrocław,dolnośląskie
922,Wrocław,dolnośląskie
923,Wrocław,dolnośląskie
924,Wrocław,dolnośląskie
925,Wrocław,dolnośląskie
926,Wrocław,dolnośląskie
927,Wrocław,dolnośląskie
928,Wrocław,dolnośląskie
929,Wrocław,dolnośląskie
930,Wrocław,dolnośląskie
931,Wrocław,dolnośląskie
932,Wrocław,dolnośląskie
933,Wrocław,dolnośląskie
934,Wrocław,dolnośląskie
935,Wrocław,dolnośląskie
936,Wrocław,dolnośląskie
937,Wrocław,dolnośląskie
938,Wrocław,dolnośląskie
939,Wrocław,dolnośląskie
940,Wrocław,dolnośląskie
941,Wrocław,dolnośląskie
942,Wrocław,dolnośląskie
943,Wrocław,dolnośląskie
944,Wrocław,dolnośląskie
945,Wrocław,dolnośląskie
946,Wrocław,dolnośląskie
947,Wrocław,dolnośląskie
948,Wrocław,dolnośląskie
949,Wrocław,dolnośląskie
950,Żarów,dolnośląskie
951,Wrocław,dolnośląskie
952,Wrocław,dolnośląskie
953,Wrocław,dolnośląskie
954,Wrocław,dolnośląskie
955,Wrocław,dolnośląskie
956,Wrocław,dolnośląskie
957,Wrocław,dolnośląskie
958,Wrocław,dolnośląskie
959,Wrocław,dolnośląskie
960,Wrocław,dolnośląskie
961,Wrocław,dolnośląskie
962,Wrocław,dolnośląskie
963,Wrocław,dolnośląskie
964,Wrocław,dolnośląskie
965,Wrocław,dolnośląskie
966,Wrocław,dolnośląskie
967,Wrocław,dolnośląskie
968,Wrocław,dolnośląskie
969,Wrocław,dolnośląskie
970,Wrocław,dolnośląskie
971,Wrocław,dolnośląskie
972,Siechnice,dolnośląskie
973,Wrocław,dolnośląskie
974,Wrocław,dolnośląskie
975,Świdnica,dolnośląskie
976,Świdnica,dolnośląskie
977,Wrocław,dolnośląskie
978,Świdnica,dolnośląskie
979,Świdnica,dolnośląskie
980,Świdnica,dolnośląskie
981,Świdnica,dolnośląskie
982,Świdnica,dolnośląskie
983,Kamieniec Wrocławski,dolnośląskie
984,Świdnica,dolnośląskie
985,Świdnica,dolnośląskie
986,Świdnica,dolnośląskie
987,Strzegom,dolnośląskie
988,Kiełczów,dolnośląskie
989,Dzierżoniów,dolnośląskie
990,Dzierżoniów,dolnośląskie
991,Dzierżoniów,dolnośląskie
992,Dzierżoniów,dolnośląskie
993,Dzierżoniów,dolnośląskie
994,Dzierżoniów,dolnośląskie
995,Dzierżoniów,dolnośląskie
996,Strzelin,dolnośląskie
997,Wołów,dolnośląskie
998,Świebodzice,dolnośląskie
999,Świebodzice,dolnośląskie
1000,Piława Górna,dolnośląskie
1001,Jawor,dolnośląskie
1002,Jawor,dolnośląskie
1003,Jawor,dolnośląskie
1004,Jawor,dolnośląskie
1005,Wałbrzych,dolnośląskie
1006,Wałbrzych,dolnośląskie
1007,Wałbrzych,dolnośląskie
1008,Wałbrzych,dolnośląskie
1009,Wałbrzych,dolnośląskie
1010,Wałbrzych,dolnośląskie
1011,Wałbrzych,dolnośląskie
1012,Legnica,dolnośląskie
1013,Wałbrzych,dolnośląskie
1014,Legnica,dolnośląskie
1015,Wałbrzych,dolnośląskie
1016,Wałbrzych,dolnośląskie
1017,Swarzędz,wielkopolskie
1018,Legnica,dolnośląskie
1019,Legnica,dolnośląskie
1020,Legnica,dolnośląskie
1021,Wałbrzych,dolnośląskie
1022,Legnica,dolnośląskie
1023,Wałbrzych,dolnośląskie
1024,Legnica,dolnośląskie
1025,Wałbrzych,dolnośląskie
1026,Legnica,dolnośląskie
1027,Legnica,dolnośląskie
1028,Legnica,dolnośląskie
1029,Legnica,dolnośląskie
1030,Legnica,dolnośląskie
1031,Oleśnica,dolnośląskie
1032,Legnica,dolnośląskie
1033,Legnica,dolnośląskie
1034,Legnica,dolnośląskie
1035,Legnica,dolnośląskie
1036,Legnica,dolnośląskie
1037,Oleśnica,dolnośląskie
1038,Oleśnica,dolnośląskie
1039,Oleśnica,dolnośląskie
1040,Legnica,dolnośląskie
1041,Legnica,dolnośląskie
1042,Ząbkowice Śląskie,dolnośląskie
1043,Brzeg,opolskie
1044,Brzeg,opolskie
1045,Brzeg,opolskie
1046,Brzeg,opolskie
1047,Brzeg,opolskie
1048,Skarbimierz,opolskie
1049,Brzeg,opolskie
1050,Brzeg,opolskie
1051,Nowa Ruda,dolnośląskie
1052,Nowa Ruda,dolnośląskie
1053,Lubin,dolnośląskie
1054,Lubin,dolnośląskie
1055,Lubin,dolnośląskie
1056,Lubin,dolnośląskie
1057,Lubin,dolnośląskie
1058,Lubin,dolnośląskie
1059,Lubin,dolnośląskie
1060,Lubin,dolnośląskie
1061,Lubin,dolnośląskie
1062,Lubin,dolnośląskie
1063,Grodków,opolskie
1064,Mieroszów,dolnośląskie
1065,Lubin,dolnośląskie
1066,Lubin,dolnośląskie
1067,Kamienna Góra,dolnośląskie
1068,Skarżysko-Kamienna,świętokrzyskie
1069,Skarżysko-Kamienna,świętokrzyskie
1070,Siechnice,dolnośląskie
1071,Siemianowice Śląskie,śląskie
1072,Siemianowice Śląskie,śląskie
1073,Siemianowice Śląskie,śląskie
1074,Siemianowice Śląskie,śląskie
1075,Siemianowice Śląskie,śląskie
1076,Siemianowice Śląskie,śląskie
1077,Kalety,śląskie
1078,Miasteczko Śląskie,śląskie
1079,Świerklaniec,śląskie
1080,Orzech,śląskie
1081,Koziegłowy,wielkopolskie
1082,Piekary Śląskie,śląskie
1083,Piekary Śląskie,śląskie
1084,Mierzęcice,śląskie
1085,Piekary Śląskie,śląskie
1086,Piekary Śląskie,śląskie
1087,Bytom,śląskie
1088,Bytom,śląskie
1089,Bytom,śląskie
1090,Bytom,śląskie
1091,Bytom,śląskie
1092,Bytom,śląskie
1093,Bytom,śląskie
1094,Bytom,śląskie
1095,Bytom,śląskie
1096,Bytom,śląskie
1097,Bytom,śląskie
1098,Bytom,śląskie
1099,Blachownia,śląskie
1100,Wojkowice,śląskie
1101,Bytom,śląskie
1102,Częstochowa,śląskie
1103,Piekary Śląskie,śląskie
1104,Bytom,śląskie
1105,Bytom,śląskie
1106,Siewierz,śląskie
1107,Częstochowa,śląskie
1108,Bytom,śląskie
1109,Częstochowa,śląskie
1110,Świętochłowice,śląskie
1111,Częstochowa,śląskie
1112,Chorzów,śląskie
1113,Częstochowa,śląskie
1114,Chorzów,śląskie
1115,Chorzów,śląskie
1116,Częstochowa,śląskie
1117,Myszków,śląskie
1118,Chorzów,śląskie
1119,Czeladź,śląskie
1120,Chorzów,śląskie
1121,Częstochowa,śląskie
1122,Częstochowa,śląskie
1123,Częstochowa,śląskie
1124,Chorzów,śląskie
1125,Chorzów,śląskie
1126,Częstochowa,śląskie
1127,Chorzów,śląskie
1128,Chorzów,śląskie
1129,Częstochowa,śląskie
1130,Częstochowa,śląskie
1131,Świętochłowice,śląskie
1132,Częstochowa,śląskie
1133,Będzin,śląskie
1134,Świętochłowice,śląskie
1135,Czeladź,śląskie
1136,Chorzów,śląskie
1137,Chorzów,śląskie
1138,Chorzów,śląskie
1139,Chorzów,śląskie
1140,Częstochowa,śląskie
1141,Świętochłowice,śląskie
1142,Częstochowa,śląskie
1143,Częstochowa,śląskie
1144,Częstochowa,śląskie
1145,Świętochłowice,śląskie
1146,Częstochowa,śląskie
1147,Chorzów,śląskie
1148,Częstochowa,śląskie
1149,Czeladź,śląskie
1150,Myszków,śląskie
1151,Częstochowa,śląskie
1152,Myszków,śląskie
1153,Chorzów,śląskie
1154,Myszków,śląskie
1155,Częstochowa,śląskie
1156,Będzin,śląskie
1157,Chorzów,śląskie
1158,Częstochowa,śląskie
1159,Częstochowa,śląskie
1160,Częstochowa,śląskie
1161,Myszków,śląskie
1162,Częstochowa,śląskie
1163,Częstochowa,śląskie
1164,Będzin,śląskie
1165,Będzin,śląskie
1166,Chorzów,śląskie
1167,Będzin,śląskie
1168,Myszków,śląskie
1169,Częstochowa,śląskie
1170,Chorzów,śląskie
1171,Częstochowa,śląskie
1172,Częstochowa,śląskie
1173,Czeladź,śląskie
1174,Częstochowa,śląskie
1175,Będzin,śląskie
1176,Częstochowa,śląskie
1177,Częstochowa,śląskie
1178,Będzin,śląskie
1179,Chorzów,śląskie
1180,Częstochowa,śląskie
1181,Konin,wielkopolskie
1182,Konin,wielkopolskie
1183,Konin,wielkopolskie
1184,Konin,wielkopolskie
1185,Konin,wielkopolskie
1186,Konin,wielkopolskie
1187,Konin,wielkopolskie
1188,Konin,wielkopolskie
1189,Konin,wielkopolskie
1190,Jastrzębie Zdrój,śląskie
1191,Jastrzębie Zdrój,śląskie
1192,Jastrzębie Zdrój,śląskie
1193,Żory,śląskie
1194,Jastrzębie Zdrój,śląskie
1195,Jastrzębie Zdrój,śląskie
1196,Jastrzębie Zdrój,śląskie
1197,Żory,śląskie
1198,Żory,śląskie
1199,Żory,śląskie
1200,Żory,śląskie
1201,Żory,śląskie
1202,Żory,śląskie
1203,Żory,śląskie
1204,Żory,śląskie
1205,Żory,śląskie
1206,Żory,śląskie
1207,Żory,śląskie
1208,Żory,śląskie
1209,Godów,śląskie
1210,Cieszyn,śląskie
1211,Cieszyn,śląskie
1212,Marklowice,śląskie
1213,Cieszyn,śląskie
1214,Orzesze,śląskie
1215,Wodzisław Śląski,śląskie
1216,Wodzisław Śląski,śląskie
1217,Wodzisław Śląski,śląskie
1218,Wodzisław Śląski,śląskie
1219,Wodzisław Śląski,śląskie
1220,Wodzisław Śląski,śląskie
1221,Wodzisław Śląski,śląskie
1222,Orzesze,śląskie
1223,Gorzyce,śląskie
1224,Rogów,łódzkie
1225,Syrynia,śląskie
1226,Nowa Sól,lubuskie
1227,Nowa Sól,lubuskie
1228,Nowa Sól,lubuskie
1229,Nowa Sól,lubuskie
1230,Nowa Sól,lubuskie
1231,Nowa Sól,lubuskie
1232,Białogard,zachodniopomorskie
1233,Białogard,zachodniopomorskie
1234,Białogard,zachodniopomorskie
1235,Białogard,zachodniopomorskie
1236,Białogard,zachodniopomorskie
1237,Białogard,zachodniopomorskie
1238,Lębork,pomorskie
1239,Lębork,pomorskie
1240,Lębork,pomorskie
1241,Lębork,pomorskie
1242,Lębork,pomorskie
1243,Lębork,pomorskie
1244,Lębork,pomorskie
1245,Lębork,pomorskie
1246,Kościerzyna-Wybudowanie,pomorskie
1247,Kościerzyna,pomorskie
1248,Sierakowice,pomorskie
1249,Bytów,pomorskie
1250,Starogard Gdański,pomorskie
1251,Starogard Gdański,pomorskie
1252,Borkowo Łostowickie,pomorskie
1253,Gdańsk,pomorskie
1254,Pruszcz Gdański,pomorskie
1255,Gdańsk,pomorskie
1256,Gdańsk,pomorskie
1257,Pruszcz Gdański,pomorskie
1258,Pruszcz Gdański,pomorskie
1259,Pruszcz Gdański,pomorskie
1260,Gdańsk,pomorskie
1261,Gdańsk,pomorskie
1262,Gdańsk,pomorskie
1263,Gdańsk,pomorskie
1264,Gdańsk,pomorskie
1265,Gdańsk,pomorskie
1266,Gdańsk,pomorskie
1267,Gdańsk,pomorskie
1268,Gdańsk,pomorskie
1269,Gdynia,pomorskie
1270,Gdańsk,pomorskie
1271,Gdańsk,pomorskie
1272,Gdańsk,pomorskie
1273,Gdańsk,pomorskie
1274,Gdańsk,pomorskie
1275,Gdańsk,pomorskie
1276,Gdańsk,pomorskie
1277,Gdańsk,pomorskie
1278,Gdańsk,pomorskie
1279,Gdańsk,pomorskie
1280,Gdańsk,pomorskie
1281,Gdańsk,pomorskie
1282,Gdańsk,pomorskie
1283,Gdańsk,pomorskie
1284,Sopot,pomorskie
1285,Gdańsk,pomorskie
1286,Gdańsk,pomorskie
1287,Sopot,pomorskie
1288,Gdynia,pomorskie
1289,Tczew,pomorskie
1290,Gdynia,pomorskie
1291,Tczew,pomorskie
1292,Sopot,pomorskie
1293,Gdańsk,pomorskie
1294,Sopot,pomorskie
1295,Gdańsk,pomorskie
1296,Tczewskie Łąki,pomorskie
1297,Gdynia,pomorskie
1298,Tczew,pomorskie
1299,Tczew,pomorskie
1300,Gdynia,pomorskie
1301,Gdynia,pomorskie
1302,Chojnice,pomorskie
1303,Chojnice,pomorskie
1304,Gdynia,pomorskie
1305,Chojnice,pomorskie
1306,Gdynia,pomorskie
1307,Gdynia,pomorskie
1308,Wejherowo,pomorskie
1309,Wejherowo,pomorskie
1310,Wejherowo,pomorskie
1311,Gdynia,pomorskie
1312,Gdynia,pomorskie
1313,Gdynia,pomorskie
1314,Gdynia,pomorskie
1315,Gdynia,pomorskie
1316,Wejherowo,pomorskie
1317,Rumia,pomorskie
1318,Rumia,pomorskie
1319,Rumia,pomorskie
1320,Gdynia,pomorskie
1321,Gdynia,pomorskie
1322,Gdynia,pomorskie
1323,Bolszewo,pomorskie
1324,Gdynia,pomorskie
1325,Gdynia,pomorskie
1326,Gdynia,pomorskie
1327,Gdynia,pomorskie
1328,Gdynia,pomorskie
1329,Gdynia,pomorskie
1330,Gdynia,pomorskie
1331,Gdynia,pomorskie
1332,Rumia,pomorskie
1333,Gdynia,pomorskie
1334,Gdynia,pomorskie
1335,Gdynia,pomorskie
1336,Rumia,pomorskie
1337,Reda,pomorskie
1338,Gdynia,pomorskie
1339,Gdynia,pomorskie
1340,Gdynia,pomorskie
1341,Gdynia,pomorskie
1342,Rumia,pomorskie
1343,Gdynia,pomorskie
1344,Reda,pomorskie
1345,Gdynia,pomorskie
1346,Wejherowo,pomorskie
1347,Reda,pomorskie
1348,Reda,pomorskie
1349,Reda,pomorskie
1350,Gdynia,pomorskie
1351,Pogórze,śląskie
1352,Gdynia,pomorskie
1353,Gdynia,pomorskie
1354,Tuchola,kujawsko-pomorskie
1355,Tuchola,kujawsko-pomorskie
1356,Gniew,pomorskie
1357,Człuchów,pomorskie
1358,Człuchów,pomorskie
1359,Człuchów,pomorskie
1360,Miastko,pomorskie
1361,Miastko,pomorskie
1362,Miastko,pomorskie
1363,Malbork,pomorskie
1364,Malbork,pomorskie
1365,Malbork,pomorskie
1366,Słupsk,pomorskie
1367,Słupsk,pomorskie
1368,Słupsk,pomorskie
1369,Kobylnica,wielkopolskie
1370,Słupsk,pomorskie
1371,Słupsk,pomorskie
1372,Słupsk,pomorskie
1373,Sztumska Wieś,pomorskie
1374,Słupsk,pomorskie
1375,Słupsk,pomorskie
1376,Słupsk,pomorskie
1377,Słupsk,pomorskie
1378,Łeba,pomorskie
1379,Łeba,pomorskie
1380,Kwidzyn,pomorskie
1381,Kwidzyn,pomorskie
1382,Kwidzyn,pomorskie
1383,Kwidzyn,pomorskie
1384,Kwidzyn,pomorskie
1385,Władysławowo,pomorskie
1386,Władysławowo,pomorskie
1387,Sępólno Krajeńskie,kujawsko-pomorskie
1388,Czarne,pomorskie
1389,Świecie,kujawsko-pomorskie
1390,Grudziądz,kujawsko-pomorskie
1391,Grudziądz,kujawsko-pomorskie
1392,Grudziądz,kujawsko-pomorskie
1393,Grudziądz,kujawsko-pomorskie
1394,Grudziądz,kujawsko-pomorskie
1395,Grudziądz,kujawsko-pomorskie
1396,Grudziądz,kujawsko-pomorskie
1397,Ustka,pomorskie
1398,Grudziądz,kujawsko-pomorskie
1399,Ustka,pomorskie
1400,Ustka,pomorskie
1401,Grudziądz,kujawsko-pomorskie
1402,Koronowo,kujawsko-pomorskie
1403,Chełmno,kujawsko-pomorskie
1404,Chełmno,kujawsko-pomorskie
1405,Szczecinek,zachodniopomorskie
1406,Szczecinek,zachodniopomorskie
1407,Szczecinek,zachodniopomorskie
1408,Szczecinek,zachodniopomorskie
1409,Szczecinek,zachodniopomorskie
1410,Szczecinek,zachodniopomorskie
1411,Szczecinek,zachodniopomorskie
1412,Szczecinek,zachodniopomorskie
1413,Złotów,wielkopolskie
1414,Złotów,wielkopolskie
1415,Złotów,wielkopolskie
1416,Złotów,wielkopolskie
1417,Darłowo,zachodniopomorskie
1418,Darłowo,zachodniopomorskie
1419,Bydgoszcz,kujawsko-pomorskie
1420,Luboń,wielkopolskie
1421,Luboń,wielkopolskie
1422,Luboń,wielkopolskie
1423,Luboń,wielkopolskie
1424,Ostrowiec Świętokrzyski,świętokrzyskie
1425,Ostrowiec Świętokrzyski,świętokrzyskie
1426,Ostrowiec Świętokrzyski,świętokrzyskie
1427,Ostrowiec Świętokrzyski,świętokrzyskie
1428,Bydgoszcz,kujawsko-pomorskie
1429,Bydgoszcz,kujawsko-pomorskie
1430,Bydgoszcz,kujawsko-pomorskie
1431,Bydgoszcz,kujawsko-pomorskie
1432,Bydgoszcz,kujawsko-pomorskie
1433,Bydgoszcz,kujawsko-pomorskie
1434,Bydgoszcz,kujawsko-pomorskie
1435,Bydgoszcz,kujawsko-pomorskie
1436,Bydgoszcz,kujawsko-pomorskie
1437,Bydgoszcz,kujawsko-pomorskie
1438,Bydgoszcz,kujawsko-pomorskie
1439,Bydgoszcz,kujawsko-pomorskie
1440,Bydgoszcz,kujawsko-pomorskie
1441,Bydgoszcz,kujawsko-pomorskie
1442,Bydgoszcz,kujawsko-pomorskie
1443,Bydgoszcz,kujawsko-pomorskie
1444,Bydgoszcz,kujawsko-pomorskie
1445,Bydgoszcz,kujawsko-pomorskie
1446,Bydgoszcz,kujawsko-pomorskie
1447,Bydgoszcz,kujawsko-pomorskie
1448,Bydgoszcz,kujawsko-pomorskie
1449,Bydgoszcz,kujawsko-pomorskie
1450,Bydgoszcz,kujawsko-pomorskie
1451,Bydgoszcz,kujawsko-pomorskie
1452,Bydgoszcz,kujawsko-pomorskie
1453,Bydgoszcz,kujawsko-pomorskie
1454,Bydgoszcz,kujawsko-pomorskie
1455,Bydgoszcz,kujawsko-pomorskie
1456,Bydgoszcz,kujawsko-pomorskie
1457,Bydgoszcz,kujawsko-pomorskie
1458,Bydgoszcz,kujawsko-pomorskie
1459,Bydgoszcz,kujawsko-pomorskie
1460,Bydgoszcz,kujawsko-pomorskie
1461,Bydgoszcz,kujawsko-pomorskie
1462,Bydgoszcz,kujawsko-pomorskie
1463,Chorzów,śląskie
1464,Myszków,śląskie
1465,Międzychód,wielkopolskie
1466,Skwierzyna,lubuskie
1467,Pniewy,wielkopolskie
1468,Pniewy,wielkopolskie
1469,Międzyrzecz,lubuskie
1470,Międzyrzecz,lubuskie
1471,Krzyż Wielkopolski,wielkopolskie
1472,Wronki,wielkopolskie
1473,Nowy Tomyśl,wielkopolskie
1474,Nowy Tomyśl,wielkopolskie
1475,Strzelce Krajeńskie,lubuskie
1476,Szamotuły,wielkopolskie
1477,Gorzów Wielkopolski,lubuskie
1478,Gorzów Wielkopolski,lubuskie
1479,Gorzów Wielkopolski,lubuskie
1480,Gorzów Wielkopolski,lubuskie
1481,Szamotuły,wielkopolskie
1482,Gorzów Wielkopolski,lubuskie
1483,Gorzów Wielkopolski,lubuskie
1484,Gorzów Wielkopolski,lubuskie
1485,Gorzów Wielkopolski,lubuskie
1486,Szamotuły,wielkopolskie
1487,Świebodzin,lubuskie
1488,Gorzów Wielkopolski,lubuskie
1489,Gorzów Wielkopolski,lubuskie
1490,Gorzów Wielkopolski,lubuskie
1491,Gorzów Wielkopolski,lubuskie
1492,Gorzów Wielkopolski,lubuskie
1493,Gorzów Wielkopolski,lubuskie
1494,Gorzów Wielkopolski,lubuskie
1495,Gorzów Wielkopolski,lubuskie
1496,Gorzów Wielkopolski,lubuskie
1497,Szamotuły,wielkopolskie
1498,Opalenica,wielkopolskie
1499,Gorzów Wielkopolski,lubuskie
1500,Buk,wielkopolskie
1501,Duszniki,wielkopolskie
1502,Buk,wielkopolskie
1503,Grodzisk Wielkopolski,wielkopolskie
1504,Tarnowo Podgórne,wielkopolskie
1505,Cerekwica,wielkopolskie
1506,Sulęcin,lubuskie
1507,Sulęcin,lubuskie
1508,Wolsztyn,wielkopolskie
1509,Wolsztyn,wielkopolskie
1510,Rokietnica,podkarpackie
1511,Sady,wielkopolskie
1512,Kargowa,lubuskie
1513,Zakrzewo,kujawsko-pomorskie
1514,Chyby,wielkopolskie
1515,Sulechów,lubuskie
1516,Sulechów,lubuskie
1517,Zakrzewo,kujawsko-pomorskie
1518,Oborniki,wielkopolskie
1519,Oborniki,wielkopolskie
1520,Trzcianka,wielkopolskie
1521,Trzcianka,wielkopolskie
1522,Trzcianka,wielkopolskie
1523,Trzcianka,wielkopolskie
1524,Oborniki,wielkopolskie
1525,Poznań,wielkopolskie
1526,Oborniki,wielkopolskie
1527,Oborniki,wielkopolskie
1528,Oborniki,wielkopolskie
1529,Przeźmierowo,wielkopolskie
1530,Oborniki,wielkopolskie
1531,Przeźmierowo,wielkopolskie
1532,Skórzewo,wielkopolskie
1533,Poznań,wielkopolskie
1534,Stęszew,wielkopolskie
1535,Skórzewo,wielkopolskie
1536,Dębienko,wielkopolskie
1537,Poznań,wielkopolskie
1538,Poznań,wielkopolskie
1539,Plewiska,wielkopolskie
1540,Suchy Las,wielkopolskie
1541,Komorniki,wielkopolskie
1542,Poznań,wielkopolskie
1543,Poznań,wielkopolskie
1544,Poznań,wielkopolskie
1545,Poznań,wielkopolskie
1546,Komorniki,wielkopolskie
1547,Poznań,wielkopolskie
1548,Choszczno,zachodniopomorskie
1549,Poznań,wielkopolskie
1550,Poznań,wielkopolskie
1551,Poznań,wielkopolskie
1552,Poznań,wielkopolskie
1553,Poznań,wielkopolskie
1554,Poznań,wielkopolskie
1555,Poznań,wielkopolskie
1556,Poznań,wielkopolskie
1557,Choszczno,zachodniopomorskie
1558,Poznań,wielkopolskie
1559,Poznań,wielkopolskie
1560,Poznań,wielkopolskie
1561,Poznań,wielkopolskie
1562,Poznań,wielkopolskie
1563,Poznań,wielkopolskie
1564,Poznań,wielkopolskie
1565,Poznań,wielkopolskie
1566,Poznań,wielkopolskie
1567,Poznań,wielkopolskie
1568,Poznań,wielkopolskie
1569,Poznań,wielkopolskie
1570,Poznań,wielkopolskie
1571,Poznań,wielkopolskie
1572,Poznań,wielkopolskie
1573,Poznań,wielkopolskie
1574,Poznań,wielkopolskie
1575,Poznań,wielkopolskie
1576,Poznań,wielkopolskie
1577,Poznań,wielkopolskie
1578,Poznań,wielkopolskie
1579,Poznań,wielkopolskie
1580,Poznań,wielkopolskie
1581,Poznań,wielkopolskie
1582,Poznań,wielkopolskie
1583,Poznań,wielkopolskie
1584,Poznań,wielkopolskie
1585,Poznań,wielkopolskie
1586,Poznań,wielkopolskie
1587,Poznań,wielkopolskie
1588,Poznań,wielkopolskie
1589,Poznań,wielkopolskie
1590,Poznań,wielkopolskie
1591,Poznań,wielkopolskie
1592,Poznań,wielkopolskie
1593,Poznań,wielkopolskie
1594,Poznań,wielkopolskie
1595,Poznań,wielkopolskie
1596,Poznań,wielkopolskie
1597,Poznań,wielkopolskie
1598,Poznań,wielkopolskie
1599,Poznań,wielkopolskie
1600,Poznań,wielkopolskie
1601,Poznań,wielkopolskie
1602,Poznań,wielkopolskie
1603,Poznań,wielkopolskie
1604,Poznań,wielkopolskie
1605,Poznań,wielkopolskie
1606,Poznań,wielkopolskie
1607,Poznań,wielkopolskie
1608,Poznań,wielkopolskie
1609,Poznań,wielkopolskie
1610,Poznań,wielkopolskie
1611,Poznań,wielkopolskie
1612,Poznań,wielkopolskie
1613,Poznań,wielkopolskie
1614,Poznań,wielkopolskie
1615,Poznań,wielkopolskie
1616,Poznań,wielkopolskie
1617,Poznań,wielkopolskie
1618,Poznań,wielkopolskie
1619,Poznań,wielkopolskie
1620,Poznań,wielkopolskie
1621,Poznań,wielkopolskie
1622,Poznań,wielkopolskie
1623,Poznań,wielkopolskie
1624,Poznań,wielkopolskie
1625,Poznań,wielkopolskie
1626,Poznań,wielkopolskie
1627,Poznań,wielkopolskie
1628,Poznań,wielkopolskie
1629,Poznań,wielkopolskie
1630,Poznań,wielkopolskie
1631,Poznań,wielkopolskie
1632,Poznań,wielkopolskie
1633,Poznań,wielkopolskie
1634,Poznań,wielkopolskie
1635,Poznań,wielkopolskie
1636,Poznań,wielkopolskie
1637,Poznań,wielkopolskie
1638,Poznań,wielkopolskie
1639,Poznań,wielkopolskie
1640,Poznań,wielkopolskie
1641,Poznań,wielkopolskie
1642,Puszczykowo,wielkopolskie
1643,Poznań,wielkopolskie
1644,Zielona Góra,lubuskie
1645,Czerwonak,wielkopolskie
1646,Czerwonak,wielkopolskie
1647,Przylep,lubuskie
1648,Zielona Góra,lubuskie
1649,Zielona Góra,lubuskie
1650,Zielona Góra,lubuskie
1651,Zielona Góra,lubuskie
1652,Zielona Góra,lubuskie
1653,Zielona Góra,lubuskie
1654,Zielona Góra,lubuskie
1655,Zielona Góra,lubuskie
1656,Zielona Góra,lubuskie
1657,Zielona Góra,lubuskie
1658,Zielona Góra,lubuskie
1659,Zielona Góra,lubuskie
1660,Zielona Góra,lubuskie
1661,Zielona Góra,lubuskie
1662,Zielona Góra,lubuskie
1663,Zielona Góra,lubuskie
1664,Zielona Góra,lubuskie
1665,Zielona Góra,lubuskie
1666,Zielona Góra,lubuskie
1667,Zielona Góra,lubuskie
1668,Zielona Góra,lubuskie
1669,Zielona Góra,lubuskie
1670,Zielona Góra,lubuskie
1671,Łężyca,lubuskie
1672,Krosno Odrzańskie,lubuskie
1673,Krosno Odrzańskie,lubuskie
1674,Krosno Odrzańskie,lubuskie
1675,Lubsko,lubuskie
1676,Lubsko,lubuskie
1677,Żagań,lubuskie
1678,Żagań,lubuskie
1679,Żagań,lubuskie
1680,Żary,lubuskie
1681,Żary,lubuskie
1682,Żary,lubuskie
1683,Żary,lubuskie
1684,Żary,lubuskie
1685,Żary,lubuskie
1686,Żary,lubuskie
1687,Żary,lubuskie
1688,Szprotawa,lubuskie
1689,Gubin,lubuskie
1690,Głogów,dolnośląskie
1691,Głogów,dolnośląskie
1692,Głogów,dolnośląskie
1693,Głogów,dolnośląskie
1694,Głogów,dolnośląskie
1695,Głogów,dolnośląskie
1696,Głogów,dolnośląskie
1697,Głogów,dolnośląskie
1698,Głogów,dolnośląskie
1699,Głogów,dolnośląskie
1700,Rzepin,lubuskie
1701,Rzepin,lubuskie
1702,Rzepin,lubuskie
1703,Wschowa,lubuskie
1704,Polkowice,dolnośląskie
1705,Polkowice,dolnośląskie
1706,Polkowice,dolnośląskie
1707,Polkowice,dolnośląskie
1708,Polkowice,dolnośląskie
1709,Polkowice,dolnośląskie
1710,Polkowice,dolnośląskie
1711,Chocianów,dolnośląskie
1712,Słubice,lubuskie
1713,Słubice,lubuskie
1714,Leszno,wielkopolskie
1715,Bolesławiec,dolnośląskie
1716,Leszno,wielkopolskie
1717,Leszno,wielkopolskie
1718,Leszno,wielkopolskie
1719,Leszno,wielkopolskie
1720,Leszno,wielkopolskie
1721,Leszno,wielkopolskie
1722,Bolesławiec,dolnośląskie
1723,Leszno,wielkopolskie
1724,Leszno,wielkopolskie
1725,Bolesławiec,dolnośląskie
1726,Leszno,wielkopolskie
1727,Leszno,wielkopolskie
1728,Bolesławiec,dolnośląskie
1729,Bolesławiec,dolnośląskie
1730,Leszno,wielkopolskie
1731,Bolesławiec,dolnośląskie
1732,Bolesławiec,dolnośląskie
1733,Leszno,wielkopolskie
1734,Leszno,wielkopolskie
1735,Leszno,wielkopolskie
1736,Bolesławiec,dolnośląskie
1737,Lubin,dolnośląskie
1738,Lubin,dolnośląskie
1739,Leszno,wielkopolskie
1740,Lubin,dolnośląskie
1741,Lubin,dolnośląskie
1742,Leszno,wielkopolskie
1743,Kościan,wielkopolskie
1744,Kościan,wielkopolskie
1745,Kościan,wielkopolskie
1746,Kościan,wielkopolskie
1747,Kościan,wielkopolskie
1748,Chojnów,dolnośląskie
1749,Chojnów,dolnośląskie
1750,Chojnów,dolnośląskie
1751,Kostrzyn nad Odrą,lubuskie
1752,Kostrzyn nad Odrą,lubuskie
1753,Lubań,dolnośląskie
1754,Lubań,dolnośląskie
1755,Lubań,dolnośląskie
1756,Zgorzelec,dolnośląskie
1757,Lubań,dolnośląskie
1758,Zgorzelec,dolnośląskie
1759,Zgorzelec,dolnośląskie
1760,Lwówek Śląski,dolnośląskie
1761,Zgorzelec,dolnośląskie
1762,Zgorzelec,dolnośląskie
1763,Zgorzelec,dolnośląskie
1764,Zgorzelec,dolnośląskie
1765,Wąsosz,dolnośląskie
1766,Kalisz,wielkopolskie
1767,Kalisz,wielkopolskie
1768,Kalisz,wielkopolskie
1769,Kalisz,wielkopolskie
1770,Krotoszyn,wielkopolskie
1771,Krotoszyn,wielkopolskie
1772,Krotoszyn,wielkopolskie
1773,Radom,mazowieckie
1774,Radom,mazowieckie
1775,Radom,mazowieckie
1776,Radom,mazowieckie
1777,Radom,mazowieckie
1778,Radom,mazowieckie
1779,Radom,mazowieckie
1780,Radom,mazowieckie
1781,Radom,mazowieckie
1782,Radom,mazowieckie
1783,Radom,mazowieckie
1784,Radom,mazowieckie
1785,Radom,mazowieckie
1786,Radom,mazowieckie
1787,Radom,mazowieckie
1788,Poznań,wielkopolskie
1789,Poznań,wielkopolskie
1790,Poznań,wielkopolskie
1791,Poznań,wielkopolskie
1792,Poznań,wielkopolskie
1793,Poznań,wielkopolskie
1794,Poznań,wielkopolskie
1795,Poznań,wielkopolskie
1796,Poznań,wielkopolskie
1797,Poznań,wielkopolskie
1798,Poznań,wielkopolskie
1799,Warszawa,mazowieckie
1800,Warszawa,mazowieckie
1801,Warszawa,mazowieckie
1802,Warszawa,mazowieckie
1803,Warszawa,mazowieckie
1804,Raszyn,mazowieckie
1805,Warszawa,mazowieckie
1806,Warszawa,mazowieckie
1807,Pruszków,mazowieckie
1808,Warszawa,mazowieckie
1809,Pruszków,mazowieckie
1810,Warszawa,mazowieckie
1811,Warszawa,mazowieckie
1812,Warszawa,mazowieckie
1813,Komorów,mazowieckie
1814,Józefosław,mazowieckie
1815,Konstancin-Jeziorna,mazowieckie
1816,Piaseczno,mazowieckie
1817,Piaseczno,mazowieckie
1818,Piaseczno,mazowieckie
1819,Piaseczno,mazowieckie
1820,Piaseczno,mazowieckie
1821,Sosnowiec,śląskie
1822,Sosnowiec,śląskie
1823,Sosnowiec,śląskie
1824,Sosnowiec,śląskie
1825,Sosnowiec,śląskie
1826,Sosnowiec,śląskie
1827,Zawiercie,śląskie
1828,Zawiercie,śląskie
1829,Zawiercie,śląskie
1830,Zawiercie,śląskie
1831,Zawiercie,śląskie
1832,Przemyśl,podkarpackie
1833,Przemyśl,podkarpackie
1834,Przemyśl,podkarpackie
1835,Przemyśl,podkarpackie
1836,Przemyśl,podkarpackie
1837,Świdwin,zachodniopomorskie
1838,Świdwin,zachodniopomorskie
1839,Świdwin,zachodniopomorskie
1840,Mosina,wielkopolskie
1841,Puszczykowo,wielkopolskie
1842,Mosina,wielkopolskie
1843,Połczyn-Zdrój,zachodniopomorskie
1844,Czaplinek,zachodniopomorskie
1845,Złocieniec,zachodniopomorskie
1846,Drawsko Pomorskie,zachodniopomorskie
1847,Karlino,zachodniopomorskie
1848,Łobez,zachodniopomorskie
1849,Sianów,zachodniopomorskie
1850,Kołobrzeg,zachodniopomorskie
1851,Kołobrzeg,zachodniopomorskie
1852,Kołobrzeg,zachodniopomorskie
1853,Kołobrzeg,zachodniopomorskie
1854,Kołobrzeg,zachodniopomorskie
1855,Kołobrzeg,zachodniopomorskie
1856,Kołobrzeg,zachodniopomorskie
1857,Kołobrzeg,zachodniopomorskie
1858,Wałcz,zachodniopomorskie
1859,Gryfice,zachodniopomorskie
1860,Jastrowie,wielkopolskie
1861,Trzebiatów,zachodniopomorskie
1862,Piła,wielkopolskie
1863,Piła,wielkopolskie
1864,Piła,wielkopolskie
1865,Piła,wielkopolskie
1866,Piła,wielkopolskie
1867,Skierniewice,łódzkie
1868,Skierniewice,łódzkie
1869,Skarżysko-Kamienna,świętokrzyskie
1870,Goleniów,zachodniopomorskie
1871,Goleniów,zachodniopomorskie
1872,Goleniów,zachodniopomorskie
1873,Kamień Pomorski,zachodniopomorskie
1874,Dziwnówek,zachodniopomorskie
1875,Szczecin,zachodniopomorskie
1876,Police,zachodniopomorskie
1877,Szczecin,zachodniopomorskie
1878,Police,zachodniopomorskie
1879,Police,zachodniopomorskie
1880,Szczecin,zachodniopomorskie
1881,Szczecin,zachodniopomorskie
1882,Police,zachodniopomorskie
1883,Szczecin,zachodniopomorskie
1884,Szczecin,zachodniopomorskie
1885,Szczecin,zachodniopomorskie
1886,Szczecin,zachodniopomorskie
1887,Szczecin,zachodniopomorskie
1888,Swarzędz,wielkopolskie
1889,Szczecin,zachodniopomorskie
1890,Szczecin,zachodniopomorskie
1891,Szczecin,zachodniopomorskie
1892,Szczecin,zachodniopomorskie
1893,Szczecin,zachodniopomorskie
1894,Szczecin,zachodniopomorskie
1895,Szczecin,zachodniopomorskie
1896,Szczecin,zachodniopomorskie
1897,Szczecin,zachodniopomorskie
1898,Szczecin,zachodniopomorskie
1899,Szczecin,zachodniopomorskie
1900,Szczecin,zachodniopomorskie
1901,Szczecin,zachodniopomorskie
1902,Szczecin,zachodniopomorskie
1903,Szczecin,zachodniopomorskie
1904,Szczecin,zachodniopomorskie
1905,Szczecin,zachodniopomorskie
1906,Szczecin,zachodniopomorskie
1907,Szczecin,zachodniopomorskie
1908,Szczecin,zachodniopomorskie
1909,Mierzyn,zachodniopomorskie
1910,Szczecin,zachodniopomorskie
1911,Szczecin,zachodniopomorskie
1912,Szczecin,zachodniopomorskie
1913,Szczecin,zachodniopomorskie
1914,Szczecin,zachodniopomorskie
1915,Szczecin,zachodniopomorskie
1916,Szczecin,zachodniopomorskie
1917,Szczecin,zachodniopomorskie
1918,Szczecin,zachodniopomorskie
1919,Szczecin,zachodniopomorskie
1920,Szczecin,zachodniopomorskie
1921,Szczecin,zachodniopomorskie
1922,Szczecin,zachodniopomorskie
1923,Szczecin,zachodniopomorskie
1924,Szczecin,zachodniopomorskie
1925,Szczecin,zachodniopomorskie
1926,Szczecin,zachodniopomorskie
1927,Międzyzdroje,zachodniopomorskie
1928,Szczecin,zachodniopomorskie
1929,Szczecin,zachodniopomorskie
1930,Międzyzdroje,zachodniopomorskie
1931,Szczecin,zachodniopomorskie
1932,Szczecin,zachodniopomorskie
1933,Szczecin,zachodniopomorskie
1934,Szczecin,zachodniopomorskie
1935,Szczecin,zachodniopomorskie
1936,Swarzędz,wielkopolskie
1937,Szczecin,zachodniopomorskie
1938,Szczecin,zachodniopomorskie
1939,Szczecin,zachodniopomorskie
1940,Szczecin,zachodniopomorskie
1941,Szczecin,zachodniopomorskie
1942,Szczecin,zachodniopomorskie
1943,Szczecin,zachodniopomorskie
1944,Szczecin,zachodniopomorskie
1945,Szczecin,zachodniopomorskie
1946,Mierzyn,zachodniopomorskie
1947,Bezrzecze,zachodniopomorskie
1948,Wołczkowo,zachodniopomorskie
1949,Mierzyn,zachodniopomorskie
1950,Budzyń,wielkopolskie
1951,Przecław,zachodniopomorskie
1952,Świnoujście,zachodniopomorskie
1953,Inowrocław,kujawsko-pomorskie
1954,Inowrocław,kujawsko-pomorskie
1955,Inowrocław,kujawsko-pomorskie
1956,Inowrocław,kujawsko-pomorskie
1957,Inowrocław,kujawsko-pomorskie
1958,Inowrocław,kujawsko-pomorskie
1959,Inowrocław,kujawsko-pomorskie
1960,Inowrocław,kujawsko-pomorskie
1961,Inowrocław,kujawsko-pomorskie
1962,Inowrocław,kujawsko-pomorskie
1963,Inowrocław,kujawsko-pomorskie
1964,Inowrocław,kujawsko-pomorskie
1965,Inowrocław,kujawsko-pomorskie
1966,Inowrocław,kujawsko-pomorskie
1967,Dąbrowa Górnicza,śląskie
1968,Dąbrowa Górnicza,śląskie
1969,Dąbrowa Górnicza,śląskie
1970,Dąbrowa Górnicza,śląskie
1971,Dąbrowa Górnicza,śląskie
1972,Nowy Targ,małopolskie
1973,Ryki,lubelskie
1974,Dęblin,lubelskie
1975,Puławy,lubelskie
1976,Puławy,lubelskie
1977,Puławy,lubelskie
1978,Puławy,lubelskie
1979,Puławy,lubelskie
1980,Puławy,lubelskie
1981,Toruń,kujawsko-pomorskie
1982,Toruń,kujawsko-pomorskie
1983,Toruń,kujawsko-pomorskie
1984,Toruń,kujawsko-pomorskie
1985,Toruń,kujawsko-pomorskie
1986,Toruń,kujawsko-pomorskie
1987,Toruń,kujawsko-pomorskie
1988,Toruń,kujawsko-pomorskie
1989,Toruń,kujawsko-pomorskie
1990,Toruń,kujawsko-pomorskie
1991,Toruń,kujawsko-pomorskie
1992,Toruń,kujawsko-pomorskie
1993,Toruń,kujawsko-pomorskie
1994,Toruń,kujawsko-pomorskie
1995,Kamienna Góra,dolnośląskie
1996,Złotoryja,dolnośląskie
1997,Złotoryja,dolnośląskie
1998,Mysłakowice,dolnośląskie
1999,Jelenia Góra,dolnośląskie
2000,Jelenia Góra,dolnośląskie
2001,Jelenia Góra,dolnośląskie
2002,Jelenia Góra,dolnośląskie
2003,Jelenia Góra,dolnośląskie
2004,Jelenia Góra,dolnośląskie
2005,Jelenia Góra,dolnośląskie
2006,Góra,dolnośląskie
2007,Jelenia Góra,dolnośląskie
2008,Jelenia Góra,dolnośląskie
2009,Jelenia Góra,dolnośląskie
2010,Karpacz,dolnośląskie
2011,Kłodzko,dolnośląskie
2012,Kłodzko,dolnośląskie
2013,Kłodzko,dolnośląskie
2014,Kłodzko,dolnośląskie
2015,Kłodzko,dolnośląskie
2016,Kłodzko,dolnośląskie
2017,Kraków,małopolskie
2018,Kraków,małopolskie
2019,Kraków,małopolskie
2020,Kraków,małopolskie
2021,Kraków,małopolskie
2022,Kraków,małopolskie
2023,Kraków,małopolskie
2024,Kraków,małopolskie
2025,Kraków,małopolskie
2026,Kraków,małopolskie
2027,Kraków,małopolskie
2028,Kraków,małopolskie
2029,Kraków,małopolskie
2030,Kraków,małopolskie
2031,Kraków,małopolskie
2032,Kraków,małopolskie
2033,Kraków,małopolskie
2034,Kraków,małopolskie
2035,Kraków,małopolskie
2036,Kraków,małopolskie
2037,Kraków,małopolskie
2038,Świnoujście,zachodniopomorskie
2039,Świnoujście,zachodniopomorskie
2040,Świnoujście,zachodniopomorskie
2041,Świnoujście,zachodniopomorskie
2042,Świnoujście,zachodniopomorskie
2043,Świnoujście,zachodniopomorskie
2044,Gryfino,zachodniopomorskie
2045,Gryfino,zachodniopomorskie
2046,Gryfino,zachodniopomorskie
2047,Gryfino,zachodniopomorskie
2048,Lublin,lubelskie
2049,Lublin,lubelskie
2050,Lublin,lubelskie
2051,Lublin,lubelskie
2052,Lublin,lubelskie
2053,Lublin,lubelskie
2054,Lublin,lubelskie
2055,Lublin,lubelskie
2056,Lublin,lubelskie
2057,Lublin,lubelskie
2058,Lublin,lubelskie
2059,Lublin,lubelskie
2060,Lublin,lubelskie
2061,Lublin,lubelskie
2062,Lublin,lubelskie
2063,Lublin,lubelskie
2064,Lublin,lubelskie
2065,Lublin,lubelskie
2066,Lublin,lubelskie
2067,Lublin,lubelskie
2068,Lublin,lubelskie
2069,Lublin,lubelskie
2070,Lublin,lubelskie
2071,Lublin,lubelskie
2072,Lublin,lubelskie
2073,Lublin,lubelskie
2074,Lublin,lubelskie
2075,Lublin,lubelskie
2076,Lublin,lubelskie
2077,Lublin,lubelskie
2078,Lublin,lubelskie
2079,Lublin,lubelskie
2080,Lublin,lubelskie
2081,Lublin,lubelskie
2082,Lublin,lubelskie
2083,Lublin,lubelskie
2084,Lublin,lubelskie
2085,Lublin,lubelskie
2086,Lublin,lubelskie
2087,Lublin,lubelskie
2088,Lublin,lubelskie
2089,Lublin,lubelskie
2090,Lublin,lubelskie
2091,Krosno,podkarpackie
2092,Krosno,podkarpackie
2093,Krosno,podkarpackie
2094,Prudnik,opolskie
2095,Prudnik,opolskie
2096,Prudnik,opolskie
2097,Prudnik,opolskie
2098,Prudnik,opolskie
2099,Busko-Zdrój,świętokrzyskie
2100,Busko-Zdrój,świętokrzyskie
2101,Gniezno,wielkopolskie
2102,Gniezno,wielkopolskie
2103,Gniezno,wielkopolskie
2104,Gniezno,wielkopolskie
2105,Tarnów,małopolskie
2106,Tarnów,małopolskie
2107,Tarnów,małopolskie
2108,Tarnów,małopolskie
2109,Tarnów,małopolskie
2110,Tarnów,małopolskie
2111,Tarnów,małopolskie
2112,Kielce,świętokrzyskie
2113,Kielce,świętokrzyskie
2114,Kielce,świętokrzyskie
2115,Kielce,świętokrzyskie
2116,Kielce,świętokrzyskie
2117,Kielce,świętokrzyskie
2118,Kielce,świętokrzyskie
2119,Kielce,świętokrzyskie
2120,Kielce,świętokrzyskie
2121,Kielce,świętokrzyskie
2122,Kielce,świętokrzyskie
2123,Kielce,świętokrzyskie
2124,Kielce,świętokrzyskie
2125,Kielce,świętokrzyskie
2126,Kielce,świętokrzyskie
2127,Kielce,świętokrzyskie
2128,Kielce,świętokrzyskie
2129,Kielce,świętokrzyskie
2130,Kielce,świętokrzyskie
2131,Kielce,świętokrzyskie
2132,Kielce,świętokrzyskie
2133,Kielce,świętokrzyskie
2134,Kielce,świętokrzyskie
2135,Kielce,świętokrzyskie
2136,Kielce,świętokrzyskie
2137,Kielce,świętokrzyskie
2138,Kielce,świętokrzyskie
2139,Kielce,świętokrzyskie
2140,Kielce,świętokrzyskie
2141,Kielce,świętokrzyskie
2142,Kielce,świętokrzyskie
2143,Kielce,świętokrzyskie
2144,Kielce,świętokrzyskie
2145,Kielce,świętokrzyskie
2146,Częstochowa,śląskie
2147,Częstochowa,śląskie
2148,Częstochowa,śląskie
2149,Częstochowa,śląskie
2150,Częstochowa,śląskie
2151,Częstochowa,śląskie
2152,Częstochowa,śląskie
2153,Częstochowa,śląskie
2154,Włocławek,kujawsko-pomorskie
2155,Włocławek,kujawsko-pomorskie
2156,Włocławek,kujawsko-pomorskie
2157,Włocławek,kujawsko-pomorskie
2158,Włocławek,kujawsko-pomorskie
2159,Włocławek,kujawsko-pomorskie
2160,Włocławek,kujawsko-pomorskie
2161,Włocławek,kujawsko-pomorskie
2162,Czapury,wielkopolskie
2163,Borówiec,wielkopolskie
2164,Swarzędz,wielkopolskie
2165,Swarzędz,wielkopolskie
2166,Swarzędz,wielkopolskie
2167,Swarzędz,wielkopolskie
2168,Swarzędz,wielkopolskie
2169,Brodnica,kujawsko-pomorskie
2170,Zaniemyśl,wielkopolskie
2171,Śrem,wielkopolskie
2172,Śrem,wielkopolskie
2173,Środa Wielkopolska,wielkopolskie
2174,Środa Wielkopolska,wielkopolskie
2175,Śrem,wielkopolskie
2176,Murowana Goślina,wielkopolskie
2177,Pobiedziska,wielkopolskie
2178,Skoki,wielkopolskie
2179,Września,wielkopolskie
2180,Września,wielkopolskie
2181,Września,wielkopolskie
2182,Rogoźno,wielkopolskie
2183,Gostyń,wielkopolskie
2184,Gostyń,wielkopolskie
2185,Gostyń,wielkopolskie
2186,Brodnica,kujawsko-pomorskie
2187,Brodnica,kujawsko-pomorskie
2188,Twardogóra,dolnośląskie
2189,Milicz,dolnośląskie
2190,Milicz,dolnośląskie
2191,Namysłów,opolskie
2192,Namysłów,opolskie
2193,Głubczyce-Sady,opolskie
2194,Głubczyce-Sady,opolskie
2195,Głubczyce-Sady,opolskie
2196,Kluczbork,opolskie
2197,Kluczbork,opolskie
2198,Kluczbork,opolskie
2199,Kluczbork,opolskie
2200,Kluczbork,opolskie
2201,Kluczbork,opolskie
2202,Kluczbork,opolskie
2203,Kluczbork,opolskie
2204,Kluczbork,opolskie
2205,Wągrowiec,wielkopolskie
2206,Wągrowiec,wielkopolskie
2207,Wągrowiec,wielkopolskie
2208,Wągrowiec,wielkopolskie
2209,Nakło Nad Notecią,kujawsko-pomorskie
2210,Rynarzewo,kujawsko-pomorskie
2211,Pakość,kujawsko-pomorskie
2212,Janikowo,kujawsko-pomorskie
2213,Gniewkowo,kujawsko-pomorskie
2214,Chełmża,kujawsko-pomorskie
2215,Chełmża,kujawsko-pomorskie
2216,Strzelno,kujawsko-pomorskie
2217,Ciechocinek,kujawsko-pomorskie
2218,Wąbrzeźno,kujawsko-pomorskie
2219,Kolbuszowa,podkarpackie
2220,Mielec,podkarpackie
2221,Mielec,podkarpackie
2222,Ropczyce,podkarpackie
2223,Mielec,podkarpackie
2224,Rzeszów,podkarpackie
2225,Rzeszów,podkarpackie
2226,Rzeszów,podkarpackie
2227,Rzeszów,podkarpackie
2228,Rzeszów,podkarpackie
2229,Dębica,podkarpackie
2230,Tarnobrzeg,podkarpackie
2231,Tarnobrzeg,podkarpackie
2232,Nisko,podkarpackie
2233,Rudnik nad Sanem,podkarpackie
2234,Stalowa Wola,podkarpackie
2235,Stalowa Wola,podkarpackie
2236,Stalowa Wola,podkarpackie
2237,Stalowa Wola,podkarpackie
2238,Stalowa Wola,podkarpackie
2239,Stalowa Wola,podkarpackie
2240,Stalowa Wola,podkarpackie
2241,Janów Lubelski,lubelskie
2242,Jarosław,podkarpackie
2243,Biłgoraj,lubelskie
2244,Biłgoraj,lubelskie
2245,Biłgoraj,lubelskie
2246,Biłgoraj,lubelskie
2247,Busko-Zdrój,świętokrzyskie
2248,Sanok,podkarpackie
2249,Sanok,podkarpackie
2250,Sanok,podkarpackie
2251,Sanok,podkarpackie
2252,Kraśnik,lubelskie
2253,Kraśnik,lubelskie
2254,Bochnia,małopolskie
2255,Nowy Sącz,małopolskie
2256,Nowy Sącz,małopolskie
2257,Nowy Sącz,małopolskie
2258,Nowy Sącz,małopolskie
2259,Nowy Sącz,małopolskie
2260,Nowy Sącz,małopolskie
2261,Nowy Sącz,małopolskie
2262,Nowy Sącz,małopolskie
2263,Nowy Sącz,małopolskie
2264,Nowy Sącz,małopolskie
2265,Nowy Sącz,małopolskie
2266,Proszowice,małopolskie
2267,Ustrzyki Dolne,podkarpackie
2268,Krynica-Zdrój,małopolskie
2269,Krynica-Zdrój,małopolskie
2270,Krynica-Zdrój,małopolskie
2271,Krynica-Zdrój,małopolskie
2272,Limanowa,małopolskie
2273,Limanowa,małopolskie
2274,Zamość,lubelskie
2275,Zamość,lubelskie
2276,Zamość,lubelskie
2277,Zamość,lubelskie
2278,Biskupice,lubelskie
2279,Zabawa,małopolskie
2280,Piaski Wielkie,zachodniopomorskie
2281,Dobra,opolskie
2282,Warszawa,mazowieckie
2283,Świdnik,lubelskie
2284,Świdnik,lubelskie
2285,Świdnik,lubelskie
2286,Szydłowiec,mazowieckie
2287,Świdnik,lubelskie
2288,Świdnik,lubelskie
2289,Świdnik,lubelskie
2290,Świdnik,lubelskie
2291,Krasnystaw,lubelskie
2292,Będzin,śląskie
2293,Zakopane,małopolskie
2294,Zakopane,małopolskie
2295,Zakopane,małopolskie
2296,Zakopane,małopolskie
2297,Zakopane,małopolskie
2298,Opole,opolskie
2299,Opole,opolskie
2300,Opole,opolskie
2301,Opole,opolskie
2302,Opole,opolskie
2303,Opole,opolskie
2304,Włodawa,lubelskie
2305,Włodawa,lubelskie
2306,Poręba,śląskie
2307,Żarki,śląskie
2308,Lądek-Zdrój,dolnośląskie
2309,Polanica-Zdrój,dolnośląskie
2310,Nysa,opolskie
2311,Głuchołazy,opolskie
2312,Głuchołazy,opolskie
2313,Niemodlin,opolskie
2314,Lewin Brzeski,opolskie
2315,Jelenia Góra,dolnośląskie
2316,Olesno,opolskie
2317,Wołczyn,opolskie
2318,Wołczyn,opolskie
2319,Praszka,opolskie
2320,Byczyna,opolskie
2321,Rabka-Zdrój,małopolskie
2322,Waksmund,małopolskie
2323,Zielonki,małopolskie
2324,Skała,małopolskie
2325,Golub-Dobrzyń,kujawsko-pomorskie
2326,Jarocin,wielkopolskie
2327,Jarocin,wielkopolskie
2328,Jarocin,wielkopolskie
2329,Gryfów Śląski,dolnośląskie
2330,Leśna,dolnośląskie
2331,Świeradów-Zdrój,dolnośląskie
2332,Szklarska Poręba,dolnośląskie
2333,Piechowice,dolnośląskie
2334,Bogatynia,dolnośląskie
2335,Bogatynia,dolnośląskie
2336,Bogatynia,dolnośląskie
2337,Karpacz,dolnośląskie
2338,Karpacz,dolnośląskie
2339,Wieluń,łódzkie
2340,Wieluń,łódzkie
2341,Ślesin,wielkopolskie
2342,Ostrzeszów-Pustkowie,wielkopolskie
2343,Ostrzeszów-Pustkowie,wielkopolskie
2344,Syców,dolnośląskie
2345,Kępno,wielkopolskie
2346,Kępno,wielkopolskie
2347,Kępno,wielkopolskie
2348,Odolanów,wielkopolskie
2349,Wieruszów,łódzkie
